na-001.png,8tcb-thumbnail.png
na-002.png,8tv50-thumbnail.png
na-003.png,8tr50-thumbnail.png
na-004.png,8355-thumbnail.png
na-005.png,8twb50-thumbnail.png
na-006.png,8tb25-thumbnail.png
na-007.png,865231-thumbnail.png
na-008.png,865232-thumbnail.png
na-009.png,8tcd1-thumbnail.png
na-010.png,8tcd9-thumbnail.png
na-011.png,8tcw4-thumbnail.png
na-012.png,8twc9-thumbnail.png
na-013.png,865033-thumbnail.png
na-014.png,865234-thumbnail.png
na-015.png,8tdc-thumbnail.png
na-016.png,8twrc-thumbnail.png
na-017.png,8tcbc-thumbnail.png
na-018.png,8twbc-thumbnail.png
na-019.png,16nbc-thumbnail.png
na-020.png,16njc-thumbnail.png
na-021.png,16npc-thumbnail.png
na-022.png,16nrc-thumbnail.png
na-023.png,8tob-thumbnail.png
na-024.png,8tgr50-thumbnail.png
na-025.png,8tdc25-thumbnail.png
na-026.png,8706-thumbnail.png
na-027.png,865206-thumbnail.png
na-028.png,8tow-thumbnail.png
na-029.png,8tvw-thumbnail.png
na-030.png,83550c25-thumbnail.png
na-031.png,81007-thumbnail.png
na-032.png,83380-thumbnail.png
na-033.png,8tmc50-thumbnail.png
na-034.png,87314-thumbnail.png
na-035.png,865254-thumbnail.png
na-036.png,865010-thumbnail.png
na-037.png,8tdp-thumbnail.png
na-038.png,8tmp-thumbnail.png
na-039.png,8tvp-thumbnail.png
na-040.png,3sbbk-thumbnail.png
na-041.png,3sbp4-thumbnail.png
na-042.png,3sbc8-thumbnail.png
na-043.png,3sbbk83-thumbnail.png
na-044.png,3sbp5-thumbnail.png
na-045.png,7cdas-thumbnail.png
na-046.png,7cbc-thumbnail.png
na-047.png,7ckfc-thumbnail.png
na-048.png,16dcc3-thumbnail.png
na-049.png,7ckmzs-thumbnail.png
na-050.png,10fal-thumbnail.png
na-051.png,10fdwe-thumbnail.png
na-052.png,10fcs5-thumbnail.png
na-053.png,10fw1-thumbnail.png
na-054.png,10fw5-thumbnail.png
na-055.png,10fw3-thumbnail.png
na-056.png,10fw15-thumbnail.png
na-057.png,10fw13-thumbnail.png
na-058.png,10fy1-thumbnail.png
na-059.png,10fys5-thumbnail.png
na-060.png,10fys3-thumbnail.png
na-061.png,emd30-thumbnail.png
na-062.png,eml30-thumbnail.png
na-063.png,el1-thumbnail.5c
na-064.png,elb30-thumbnail.png
na-065.png,elb15-thumbnail.png
na-066.png,eld30-thumbnail.png
na-067.png,elbl30-thumbnail.png
na-068.png,ell15-thumbnail.png
na-069.png,ell30-thumbnail.png
na-070.png,exlb30-thumbnail.png
na-071.png,exlb15-thumbnail.png
na-072.png,exld30-thumbnail.png
na-073.png,exll15-thumbnail.png
na-074.png,exll30-thumbnail.png
na-075.png,ejbbc-thumbnail.png
na-076.png,ejb24-thumbnail.png
na-077.png,ejd24-thumbnail.png
na-078.png,6310-thumbnail.png
na-079.png,16kmp6-thumbnail.png
na-080.png,16kmp5-thumbnail.png
na-081.png,6320-thumbnail.png
na-082.png,16wp5-thumbnail.png
na-083.png,341167-thumbnail.png
na-084.png,26001-thumbnail.png
na-085.png,16pb10-thumbnail.png
na-086.png,16pl50-thumbnail.png
na-087.png,16pb50-thumbnail.png
na-088.png,16nbs-thumbnail.png
na-089.png,1fvwg-thumbnail.png
na-090.png,116860-thumbnail.png
na-091.png,11191006-thumbnail.png
na-092.png,16ndm-thumbnail.png
na-093.png,16acp-thumbnail.png
na-094.png,4ylw2-thumbnail.png
na-095.png,4yfp-thumbnail.png
na-096.png,503175-thumbnail.png
na-097.png,5fbcb-thumbnail.png
na-098.png,5fbcdd-thumbnail.png
na-099.png,5fbcc-thumbnail.png
na-100.png,5fccd-thumbnail.png
na-101.png,5112092-thumbnail.png
na-102.png,5fcv50-thumbnail.png
na-103.png,1124581-thumbnail.png
na-104.png,5fpc5-thumbnail.png
na-105.png,5fa4-thumbnail.png
na-106.png,5fadd-thumbnail.png
na-107.png,5fapdd-thumbnail.png
na-108.png,5fat4-thumbnail.png
na-109.png,5faap-thumbnail.png
na-110.png,5204600-thumbnail.png
na-111.png,5farj-thumbnail.png
na-112.png,520423-thumbnail.png
na-113.png,5fard-thumbnail.png
na-114.png,5fbdd-thumbnail.png
na-115.png,5fbbd-thumbnail.png
na-116.png,5fbpdd-thumbnail.png
na-117.png,5315702-thumbnail.png
na-118.png,5fc-thumbnail.png
na-119.png,5fcpdd-thumbnail.png
na-120.png,5fcc-thumbnail.png
na-121.png,5086-thumbnail.png
na-122.png,52042-thumbnail.png
na-123.png,5fldd-thumbnail.png
na-124.png,5flpp-thumbnail.png
na-125.png,520330-thumbnail.png
na-126.png,5fpt4-thumbnail.png
na-127.png,5091-thumbnail.png
na-128.png,5fp4-thumbnail.png
na-129.png,5frdd-thumbnail.png
na-130.png,5204606-thumbnail.png
na-131.png,5frsdd-thumbnail.png
na-132.png,5frrd-thumbnail.png
na-133.png,5frj-thumbnail.png
na-134.png,5315902-thumbnail.png
na-135.png,5frf-thumbnail.png
na-136.png,5204608-thumbnail.png
na-137.png,5fsdd-thumbnail.png
na-138.png,5frs-thumbnail.png
na-139.png,5fsb-thumbnail.png
na-140.png,5fsrpdd-thumbnail.png
na-141.png,16ncg-thumbnail.png
na-142.png,16nyel-thumbnail.png
na-143.png,16nyq-thumbnail.png
na-144.png,16naeg-thumbnail.png
na-145.png,16n37-thumbnail.png
na-146.png,16nbeg-thumbnail.png
na-147.png,16nbag-thumbnail.png
na-148.png,16nsb-thumbnail.png
na-149.png,16n879-thumbnail.png
na-150.png,16nlg-thumbnail.png
na-151.png,16n1210-thumbnail.png
na-152.png,16nplz-thumbnail.png
na-153.png,16nm50-thumbnail.png
na-154.png,16n310-thumbnail.png
na-155.png,16nog-thumbnail.png
na-156.png,16n46-thumbnail.png
na-157.png,16n308-thumbnail.png
na-158.png,16n940-thumbnail.png
na-159.png,16nrr-thumbnail.png
na-160.png,16nrsg-thumbnail.png
na-161.png,16n307-thumbnail.png
na-162.png,16nvg1-thumbnail.png
na-163.png,16nvg83-thumbnail.png
na-164.png,16n11-S-1-thumbnail.png
na-165.png,16n15-thumbnail.png
na-166.png,16n231-thumbnail.png
na-167.png,16nvp25-thumbnail.png
na-168.png,1fcm5-thumbnail.png
na-169.png,11hgm-thumbnail.png
na-170.png,1fmh50-thumbnail.png
na-171.png,1foro5-thumbnail.png
na-172.png,1foq5-thumbnail.png
na-173.png,1for5-thumbnail.png
na-174.png,1fdr5-thumbnail.png
na-175.png,1fr5-thumbnail.png
na-176.png,1frw5-thumbnail.png
na-177.png,1fp5-thumbnail.png
na-178.png,1fpm5-thumbnail.png
na-179.png,1fa5-thumbnail.png
na-180.png,1fbn5-thumbnail.png
na-181.png,1fbo5-thumbnail.png
na-182.png,1ffs5-thumbnail.png
na-183.png,1fbf5-thumbnail.png
na-184.png,1fbnu5-thumbnail.png
na-185.png,1fwu5-thumbnail.png
na-186.png,1fse5-thumbnail.png
na-187.png,1fc5-thumbnail.png
na-188.png,1fs5-thumbnail.png
na-189.png,1fpa5-thumbnail.png
na-190.png,1fb5-thumbnail.png
na-191.png,1fal5-thumbnail.png
na-192.png,1ff5-thumbnail.png
na-193.png,1fm10-thumbnail.png
na-194.png,1fw5-thumbnail.png
na-195.png,1fw8045-thumbnail.png
na-196.png,1f4X-thumbnail.png
na-197.png,1ft5-thumbnail.png
na-198.png,1fid5-thumbnail.png
na-199.png,5394602-thumbnail.png
na-200.png,5105043-thumbnail.png
na-201.png,5346002-thumbnail.png
na-202.png,16n705-thumbnail.png
na-203.png,5105041-thumbnail.png
na-204.png,6iccf5-thumbnail.png
na-205.png,511215-thumbnail.png
na-206.png,5105011-thumbnail.png
na-207.png,5440202-thumbnail.png
na-208.png,5040-thumbnail.png
na-209.png,5345-thumbnail.png
na-210.png,6ifb-thumbnail.png
na-211.png,6ifbb-thumbnail.png
na-212.png,6ifc-thumbnail.png
na-213.png,6ifl-thumbnail.png
na-214.png,6ifo-thumbnail.png
na-215.png,6ifr-thumbnail.png
na-216.png,6ifs-thumbnail.png
na-217.png,6ihp-thumbnail.png
na-218.png,50302-thumbnail.png
na-219.png,115934-thumbnail.png
na-220.png,5202-thumbnail.png
na-221.png,511216-thumbnail.png
na-222.png,5542-thumbnail.png
na-223.png,5437502-thumbnail.png
na-224.png,5105013-thumbnail.png
na-225.png,106346-thumbnail.png
na-226.png,106249-thumbnail.png
na-227.png,101630-thumbnail.png
na-228.png,105357-thumbnail.png
na-229.png,10fcrt-thumbnail.png
na-230.png,106626-thumbnail.png
na-231.png,106749-thumbnail.png
na-232.png,106669-thumbnail.png
na-233.png,106025-thumbnail.png
na-234.png,106664-thumbnail.png
na-235.png,106663-thumbnail.png
na-236.png,106661-thumbnail.png
na-237.png,106660-thumbnail.png
na-238.png,1042-01-thumbnail.png
na-239.png,1054-thumbnail.png
na-240.png,1044-01-thumbnail.png
na-241.png,1045-01-thumbnail.png
na-242.png,1046-01-thumbnail.png
na-243.png,1043-01-thumbnail.png
na-244.png,106648-thumbnail.png
na-245.png,101451-thumbnail.png
na-246.png,101453-thumbnail.png
na-247.png,101455-thumbnail.png
na-248.png,101457-thumbnail.png
na-249.png,101460-thumbnail.png
na-250.png,10fbnsb-thumbnail.png
na-251.png,10fbmsb-thumbnail.png
na-252.png,10fbsnb-thumbnail.png
na-253.png,10fcsnb-thumbnail.png
na-254.png,10fccsb-thumbnail.png
na-255.png,10fcosb-thumbnail.png
na-256.png,10flpsb-thumbnail.png
na-257.png,10fosb-thumbnail.png
na-258.png,10fsrsb-thumbnail.png
na-259.png,1031666-thumbnail.png
na-260.png,1031662-thumbnail.png
na-261.png,1031661-thumbnail.png
na-262.png,1031665-thumbnail.png
na-263.png,102080-thumbnail.png
na-264.png,10fp-thumbnail.png
na-265.png,10fpps-thumbnail.png
na-266.png,10fps-thumbnail.png
na-267.png,108150-thumbnail.png
na-268.png,1013108-thumbnail.png
na-269.png,1030567-thumbnail.png
na-270.png,108135-thumbnail.png
na-271.png,108151-thumbnail.png
na-272.png,105460-thumbnail.png
na-273.png,105462-thumbnail.png
na-274.png,105524-thumbnail.png
na-275.png,105525-thumbnail.png
na-276.png,105526-thumbnail.png
na-277.png,105528-thumbnail.png
na-278.png,10fas-thumbnail.png
na-279.png,10fcbs-thumbnail.png
na-280.png,10fpss-thumbnail.png
na-281.png,7cac1-thumbnail.png
na-282.png,7cas1-thumbnail.png
na-283.png,7cp-thumbnail.png
na-284.png,9ndb10-thumbnail.png
na-285.png,9ndc10-thumbnail.png
na-286.png,8tcm-thumbnail.png
na-287.png,8tcf5-thumbnail.png
na-288.png,8tcf1-thumbnail.png
na-289.png,9ndc-thumbnail.png
na-290.png,9nsrg3-thumbnail.png
na-291.png,9nsrs3-thumbnail.png
na-292.png,9nsra3-thumbnail.png
na-293.png,7cafs5-thumbnail.png
na-294.png,10fas3-thumbnail.png
na-295.png,10fad-thumbnail.png
na-296.png,10fasIQF-thumbnail.png
na-297.png,10fariqf-thumbnail.png
na-298.png,10fbbiqf-thumbnail.png
na-299.png,10fbf3-thumbnail.png
na-300.png,10fcIQF-thumbnail.png
na-301.png,10fcs3-thumbnail.png
na-302.png,10fsc2-thumbnail.png
na-303.png,10fsc40-thumbnail.png
na-304.png,10fpIQF-thumbnail.png
na-305.png,10frrIQF-thumbnail.png
na-306.png,10frb3-thumbnail.png
na-307.png,10fswIQF-thumbnail.png
na-308.png,9nggc-thumbnail.png
na-309.png,9ngrc30-thumbnail.png
na-310.png,9ngrc-thumbnail.png
na-311.png,96290-thumbnail.png
na-312.png,96287-thumbnail.png
na-313.png,9ngmf3-thumbnail.png
na-314.png,9ngmf-thumbnail.png
na-315.png,96013-thumbnail.png
na-316.png,13311-thumbnail.png
na-317.png,136548-01-thumbnail.png
na-318.png,136548-thumbnail.png
na-319.png,156457-thumbnail.png
na-320.png,121966-thumbnail.png
na-321.png,121710-thumbnail.png
na-322.png,119g-thumbnail.png
na-323.png,156486-thumbnail.png
na-324.png,1139700-thumbnail.png
na-325.png,1193035-thumbnail.png
na-326.png,115056-thumbnail.png
na-327.png,1193015-thumbnail.png
na-328.png,1117200-thumbnail.png
na-329.png,11193182-thumbnail.png
na-330.png,115268-thumbnail.png
na-331.png,115067-thumbnail.png
na-332.png,1139265-thumbnail.png
na-333.png,11312-thumbnail.png
na-334.png,115045-thumbnail.png
na-335.png,119279-thumbnail.png
na-336.png,1130547-thumbnail.png
na-337.png,1139281-thumbnail.png
na-338.png,1134393-thumbnail.png
na-339.png,1139282-thumbnail.png
na-340.png,1139283-thumbnail.png
na-341.png,11116-thumbnail.png
na-342.png,1139270-thumbnail.png
na-343.png,11430-thumbnail.png
na-344.png,1139208-thumbnail.png
na-345.png,1144812-thumbnail.png
na-346.png,11132-thumbnail.png
na-347.png,1138067-thumbnail.png
na-348.png,1138048-thumbnail.png
na-349.png,111481-thumbnail.png
na-350.png,1138164-thumbnail.png
na-351.png,1138183-thumbnail.png
na-352.png,1138815-thumbnail.png
na-353.png,1131774-thumbnail.png
na-354.png,1138062-thumbnail.png
na-355.png,112400-thumbnail.png
na-356.png,1163540-thumbnail.png
na-357.png,11442-thumbnail.png
na-358.png,11827-thumbnail.png
na-359.png,11601-thumbnail.png
na-360.png,1138206-thumbnail.png
na-361.png,1136096-thumbnail.png
na-362.png,1136052-thumbnail.png
na-363.png,9nap-thumbnail.png
na-364.png,9nscs5-thumbnail.png
na-365.png,3spb-thumbnail.png
na-366.png,9ngp-thumbnail.png
na-367.png,9npp-thumbnail.png
na-368.png,9nppj-thumbnail.png
na-369.png,9nsps5-thumbnail.png
na-370.png,9nsss5-thumbnail.png
na-371.png,9nsuhs-thumbnail.png
na-372.png,9ns5-thumbnail.png
na-373.png,9nwmp-thumbnail.png
na-374.png,1317123-thumbnail.png
na-375.png,136429-thumbnail.png
na-376.png,13cfst-thumbnail.png
na-377.png,13cfsl-thumbnail.png
na-378.png,135105-thumbnail.png
na-379.png,13cfs-thumbnail.png
na-380.png,13chst-thumbnail.png
na-381.png,13chs-thumbnail.png
na-382.png,13504-thumbnail.png
na-383.png,13554-thumbnail.png
na-384.png,13663-thumbnail.png
na-385.png,13664-thumbnail.png
na-386.png,13773-thumbnail.png
na-387.png,13774-thumbnail.png
na-388.png,13882-thumbnail.png
na-389.png,13883-thumbnail.png
na-390.png,13884-thumbnail.png
na-391.png,13885-thumbnail.png
na-392.png,13954-thumbnail.png
na-393.png,13992-thumbnail.png
na-394.png,13993-thumbnail.png
na-395.png,13994-thumbnail.png
na-396.png,13995-thumbnail.png
na-397.png,131063-thumbnail.png
na-398.png,13102-thumbnail.png
na-399.png,13104-thumbnail.png
na-400.png,13105-thumbnail.png
na-401.png,13106-thumbnail.png
na-402.png,131611-thumbnail.png
na-403.png,131293-thumbnail.png
na-404.png,131725-thumbnail.png
na-405.png,13125-thumbnail.png
na-406.png,13126-thumbnail.png
na-407.png,131410-thumbnail.png
na-408.png,13146-thumbnail.png
na-409.png,131914-thumbnail.png
na-410.png,131713-thumbnail.png
na-411.png,13sg8-thumbnail.png
na-412.png,13sg9-thumbnail.png
na-413.png,13SG10-thumbnail.png
na-414.png,13SG12-thumbnail.png
na-415.png,13SG14-thumbnail.png
na-416.png,13c6-thumbnail.png
na-417.png,13c7-thumbnail.png
na-418.png,13C8-thumbnail.png
na-419.png,13c9-thumbnail.png
na-420.png,158619-thumbnail.png
na-421.png,13C10-thumbnail.png
na-422.png,13c12-thumbnail.png
na-423.png,13c8gr-thumbnail.png
na-424.png,13c9gr-thumbnail.png
na-425.png,13c10gr-thumbnail.png
na-426.png,13C12gr-thumbnail.png
na-427.png,13c16gr-thumbnail.png
na-428.png,13c18gr-thumbnail.png
na-429.png,ecxl-thumbnail.png
na-430.png,156450-thumbnail.png
na-431.png,13SGQ-thumbnail.png
na-432.png,13DWSGHL-thumbnail.png
na-433.png,13SGHL-thumbnail.png
na-434.png,13hsp-thumbnail.png
na-435.png,13dwgf-thumbnail.png
na-436.png,13fsp-thumbnail.png
na-437.png,15428-thumbnail.png
na-438.png,155455-thumbnail.png
na-439.png,15541l-thumbnail.png
na-440.png,155422-thumbnail.png
na-441.png,156496-thumbnail.png
na-442.png,158315-thumbnail.png
na-443.png,158418-thumbnail.png
na-444.png,151042-thumbnail.png
na-445.png,151082-thumbnail.png
na-446.png,151283-thumbnail.png
na-447.png,152163-thumbnail.png
na-448.png,151114-thumbnail.png
na-449.png,1512722-thumbnail.png
na-450.png,15tb-thumbnail.png
na-451.png,15tg-thumbnail.png
na-452.png,15tr-thumbnail.png
na-453.png,15t-thumbnail.png
na-454.png,154aw-thumbnail.png
na-455.png,156aw-thumbnail.png
na-456.png,158aw-thumbnail.png
na-457.png,1510aw-thumbnail.png
na-458.png,1512aw-thumbnail.png
na-459.png,15615PP-thumbnail.png
na-460.png,15bbag-thumbnail.png
na-461.png,156558-thumbnail.png
na-462.png,15t6gw-thumbnail.png
na-463.png,15t8-thumbnail.png
na-464.png,15t10-thumbnail.png
na-465.png,15gw12-thumbnail.png
na-466.png,3sul5-thumbnail.png
na-467.png,3sbzt5-thumbnail.png
na-468.png,3sbm5-thumbnail.png
na-469.png,3sbwm5-thumbnail.png
na-470.png,3sma3-thumbnail.png
na-471.png,3spuff-thumbnail.png
na-472.png,3ssum25-thumbnail.png
na-473.png,3svictor-thumbnail.png
na-474.png,3sus5-thumbnail.png
na-475.png,3sucf-thumbnail.png
na-476.png,3spr6-thumbnail.png
na-477.png,5435106-thumbnail.png
na-478.png,3svnh5-thumbnail.png
na-479.png,3suw5-thumbnail.png
na-480.png,3sua5-thumbnail.png
na-481.png,3subbs-thumbnail.png
na-482.png,3sbci-thumbnail.png
na-483.png,3sud5-thumbnail.png
na-484.png,3ssqb-thumbnail.png
na-485.png,3spen-thumbnail.png
na-486.png,3shpp-thumbnail.png
na-487.png,3susf-thumbnail.png
na-488.png,3sush-thumbnail.png
na-489.png,3stex-thumbnail.png
na-490.png,3svr-thumbnail.png
na-491.png,3svry-thumbnail.png
na-492.png,16nc50-thumbnail.png
na-493.png,9ngs25-thumbnail.png
na-494.png,9gsalt-thumbnail.png
na-495.png,16sc50-thumbnail.png
na-496.png,16scj5-thumbnail.png
na-497.png,2sbl5-thumbnail.png
na-498.png,2sbl2-thumbnail.png
na-499.png,2sdr5-thumbnail.png
na-500.png,2sgb25-thumbnail.png
na-501.png,2sgb5-thumbnail.png
na-502.png,207016-thumbnail.png
na-503.png,2smo60-thumbnail.png
na-504.png,2spb5x-thumbnail.png
na-505.png,2spb25-thumbnail.png
na-506.png,2spb5-thumbnail.png
na-507.png,2ssm5-thumbnail.png
na-508.png,2sm50-thumbnail.png
na-509.png,2sds5-thumbnail.png
na-510.png,2scs60-thumbnail.png
na-511.png,8tb50-thumbnail.png
na-512.png,116864-thumbnail.png
na-513.png,1151014-thumbnail.png
na-514.png,8tbs25-thumbnail.png
na-515.png,26614-thumbnail.png
na-516.png,8tsp-thumbnail.png
na-517.png,8tbss-thumbnail.png
na-518.png,8tgss-thumbnail.png
na-519.png,8toss-thumbnail.png
na-520.png,8tpkss-thumbnail.png
na-521.png,8tpss-thumbnail.png
na-522.png,8trbss-thumbnail.png
na-523.png,8tss8-thumbnail.png
na-524.png,8tyss-thumbnail.png
na-525.png,8tab6-thumbnail.png
na-526.png,8tth6-thumbnail.png
na-527.png,8tdc6-thumbnail.png
na-528.png,8tdg6-thumbnail.png
na-529.png,8tto6-thumbnail.png
na-530.png,8ttp6-thumbnail.png
na-531.png,8ttl6-thumbnail.png
na-532.png,8trb10-thumbnail.png
na-533.png,8ttr6-thumbnail.png
na-534.png,8ttw6-thumbnail.png
na-535.png,8tty6-thumbnail.png
na-536.png,520335-thumbnail.png
na-537.png,10fs50-thumbnail.png
